,time,gait,r,p,y,x,y,z,wx,wy,wz,vx,vy,vz
0,1618066701.5241337,0.0,0.0,0.0,0.0,0.0,0.0,0.0,0.0,0.0,0.0,0.0,0.0,0.0
1,1618066701.573244,0.0,0.02135847881436348,-0.018071113154292107,0.00533695425838232,0.0,0.0,0.0,-0.0008273915154859424,-0.004224523901939392,0.0054341270588338375,0.0,0.0,0.0
