,time,gait,r,p,y,x,y,z,wx,wy,wz,vx,vy,vz
0,1618065537.4983294,0.0,0.0,0.0,0.0,0.0,0.0,0.0,0.0,0.0,0.0,0.0,0.0,0.0
1,1618065537.5515742,0.0,0.019709402695298195,-0.020718755200505257,0.006722284480929375,0.0,0.0,0.0,8.351600263267756e-05,-0.00962818507105112,0.00015893741510808468,0.0,0.0,0.0
