,time,gait,r,p,y,x,y,z,wx,wy,wz,vx,vy,vz
0,1618066100.1413982,0.0,0.0,0.0,0.0,0.0,0.0,0.0,0.0,0.0,0.0,0.0,0.0,0.0
1,1618066100.1651473,0.0,0.022913839668035507,-0.023557567968964577,0.0055777933448553085,0.0,0.0,0.0,0.0003279948141425848,-0.0012083372566848993,0.0011855324264615774,0.0,0.0,0.0
