,time,gait,r,p,y,x,y,z,wx,wy,wz,vx,vy,vz
0,1618063437.8294864,0.0,0.0,0.0,0.0,0.0,0.0,0.0,0.0,0.0,0.0,0.0,0.0,0.0
1,1618063437.862237,0.0,0.017243949696421623,-0.017819689586758614,0.31849467754364014,0.0,0.0,0.0,-0.001682692440226674,-0.012956604361534119,-0.0020629912614822388,0.0,0.0,0.0
