,time,gait,r,p,y,x,y,z,wx,wy,wz,vx,vy,vz
0,1618067768.0165312,0.0,0.0,0.0,0.0,0.0,0.0,0.0,0.0,0.0,0.0,0.0,0.0,0.0
1,1618067768.0494108,0.0,0.02039693482220173,-0.018806755542755127,0.005556796677410603,0.0,0.0,0.0,0.0022885070648044348,-0.013220257125794888,-0.007423827890306711,0.0,0.0,0.0
