,time,gait,r,p,y,x,y,z,wx,wy,wz,vx,vy,vz
0,1618064485.1008437,0.0,0.0,0.0,0.0,0.0,0.0,0.0,0.0,0.0,0.0,0.0,0.0,0.0
1,1618064485.1508176,0.0,0.01801183447241783,-0.020161503925919533,0.006408184766769409,0.0,0.0,0.0,9.853637311607599e-05,-0.006549994461238384,-0.0009274203912355006,0.0,0.0,0.0
