,time,gait,r,p,y,x,y,z,wx,wy,wz,vx,vy,vz
0,1618059505.6817515,0.0,0.0,0.0,0.0,0.0,0.0,0.0,0.0,0.0,0.0,0.0,0.0,0.0
1,1618059505.7295895,0.0,0.017833512276411057,-0.02239341102540493,0.005302189849317074,0.0,0.0,0.0,0.001513100927695632,-0.00017343065701425076,0.0011328022228553891,0.0,0.0,0.0
