,time,gait,r,p,y,x,y,z,wx,wy,wz,vx,vy,vz
0,1620305039.8858378,0.0,0.0,0.0,0.0,0.0,0.0,0.0,0.0,0.0,0.0,0.0,0.0,0.0
1,1620305039.9317727,0.0,0.003973342478275299,-0.028021199628710747,0.006657672114670277,0.0,0.0,0.0,0.003519633784890175,-0.0057068392634391785,-0.003052196465432644,0.0,0.0,0.0
