,time,gait,r,p,y,x,y,z,wx,wy,wz,vx,vy,vz
0,1620304744.3975122,0.0,0.0,0.0,0.0,0.0,0.0,0.0,0.0,0.0,0.0,0.0,0.0,0.0
1,1620304744.454904,0.0,0.024911286309361458,0.07805651426315308,0.0026985984295606613,0.0,0.0,0.0,0.00038264220347628,-0.0003747647861018777,-0.0033430117182433605,0.0,0.0,0.0
