,time,gait,r,p,y,x,y,z,wx,wy,wz,vx,vy,vz
0,1620305933.1581154,0.0,0.0,0.0,0.0,0.0,0.0,0.0,0.0,0.0,0.0,0.0,0.0,0.0
1,1620305933.211202,0.0,0.08131258189678192,-0.0288002397865057,0.009384827688336372,0.0,0.0,0.0,-0.004014556296169758,0.0017295602010563016,-0.006228494457900524,0.0,0.0,0.0
