,time,gait,r,p,y,x,y,z,wx,wy,wz,vx,vy,vz
0,1620305727.6746273,0.0,0.0,0.0,0.0,0.0,0.0,0.0,0.0,0.0,0.0,0.0,0.0,0.0
1,1620305727.728222,0.0,0.02350034937262535,-0.024735907092690468,0.00649133138358593,0.0,0.0,0.0,0.00461270147934556,-0.004603222943842411,0.0032553416676819324,0.0,0.0,0.0
