,time,gait,r,p,y,x,y,z,wx,wy,wz,vx,vy,vz
0,1620223880.1311278,0.0,0.0,0.0,0.0,0.0,0.0,0.0,0.0,0.0,0.0,0.0,0.0,0.0
1,1620223880.173174,0.0,0.012329615652561188,-0.0789499282836914,0.0058647822588682175,0.0,0.0,0.0,-0.0028607675340026617,0.0009202775545418262,0.00012953532859683037,0.0,0.0,0.0
