,time,gait,gazebo_r,gazebo_p,gazebo_y,gazebo_x,gazebo_y,gazebo_z,gazebo_wx,gazebo_wy,gazebo_wz,gazebo_vx,gazebo_vy,gazebo_vz,r,p,y,x,y,z,wx,wy,wz,vx,vy,vz
0,0.0,0.0,0.0,0.0,0.0,0.0,0.0,0.0,0.0,0.0,0.0,0.0,0.0,0.0,0.0,0.0,0.0,0.0,0.0,0.0,0.0,0.0,0.0,0.0,0.0,0.0
1,0.944,0.0,1.2595908298965504e-05,1.2152421378394355e-07,-0.0003176394055841902,-0.000294204015307311,0.01326565885423055,0.05663909508675263,-0.047024250992575796,-0.0014923216737559187,0.00020238176637196067,-0.00011896354521018213,0.0030025811743375147,-0.01371099513016711,1.2595908298965504e-05,1.2152421378394355e-07,-0.0003176394055841902,0.0,0.0,0.0,-0.047024250992575796,-0.0014923216737559187,0.00020238176637196067,0.0,0.0,0.0
