,time,gait,gazebo_r,gazebo_p,gazebo_y,gazebo_x,gazebo_y,gazebo_z,gazebo_wx,gazebo_wy,gazebo_wz,gazebo_vx,gazebo_vy,gazebo_vz,r,p,y,x,y,z,wx,wy,wz,vx,vy,vz
0,0.0,0.0,0.0,0.0,0.0,0.0,0.0,0.0,0.0,0.0,0.0,0.0,0.0,0.0,0.0,0.0,0.0,0.0,0.0,0.0,0.0,0.0,0.0,0.0,0.0,0.0
1,4.328,0.0,0.0005726234550779822,-0.0009784970121887308,-0.0002850469668800807,-0.00045241778610167474,0.012559804234510566,0.06106723488624073,0.004578432120981304,-0.015143327480613504,-0.00021083832478188078,-0.0024449212912366403,-0.017186006975208154,0.08527901606304278,0.0005726234550779822,-0.0009784970121887308,-0.0002850469668800807,0.0,0.0,0.0,0.004578432120981304,-0.015143327480613504,-0.00021083832478188078,0.0,0.0,0.0
