,time,gait,r,p,y,x,y,z,wx,wy,wz,vx,vy,vz
0,1620221710.6336257,0.0,0.0,0.0,0.0,0.0,0.0,0.0,0.0,0.0,0.0,0.0,0.0,0.0
1,1620221710.6615727,0.0,0.019987503066658974,0.07487775385379791,0.0058136372826993465,0.0,0.0,0.0,-0.00180828629527241,-0.008855014108121395,0.0043279556557536125,0.0,0.0,0.0
