,time,gait,gazebo_r,gazebo_p,gazebo_y,gazebo_x,gazebo_y,gazebo_z,gazebo_wx,gazebo_wy,gazebo_wz,gazebo_vx,gazebo_vy,gazebo_vz,r,p,y,x,y,z,wx,wy,wz,vx,vy,vz
0,0.0,0.0,0.0,0.0,0.0,0.0,0.0,0.0,0.0,0.0,0.0,0.0,0.0,0.0,0.0,0.0,0.0,0.0,0.0,0.0,0.0,0.0,0.0,0.0,0.0,0.0
1,1.037,0.0,7.668787160028469e-06,4.478688544490392e-08,-0.00031502608593262917,0.0,0.0,0.0,0.0011289157361942003,0.016517640093610286,0.0006130141217626595,0.0,0.0,0.0,7.668787160028469e-06,4.478688544490392e-08,-0.00031502608593262917,-0.0002940366456667548,0.013261437797552428,0.05664787966712251,0.0011289157361942003,0.016517640093610286,0.0006130141217626595,-0.0009610449762092221,0.001644199564820955,-0.0030884051015902724
