,time,gait,gazebo_r,gazebo_p,gazebo_y,gazebo_x,gazebo_y,gazebo_z,gazebo_wx,gazebo_wy,gazebo_wz,gazebo_vx,gazebo_vy,gazebo_vz,r,p,y,x,y,z,wx,wy,wz,vx,vy,vz
0,0.0,0.0,0.0,0.0,0.0,0.0,0.0,0.0,0.0,0.0,0.0,0.0,0.0,0.0,0.0,0.0,0.0,0.0,0.0,0.0,0.0,0.0,0.0,0.0,0.0,0.0
1,1.414,0.0,8.959102224147184e-07,-2.447499186212778e-06,-0.0003132784687742621,-0.00029783563986182513,0.013260287903812226,0.05665247686968232,-0.006051616051222059,-0.009796920774608408,1.1636053480065508e-05,0.0001442542500379579,-0.00015909014262148192,0.0037483406775160252,8.959102224147184e-07,-2.447499186212778e-06,-0.0003132784687742621,0.0,0.0,0.0,-0.006051616051222059,-0.009796920774608408,1.1636053480065508e-05,0.0,0.0,0.0
