,time,gait,gazebo_r,gazebo_p,gazebo_y,gazebo_x,gazebo_y,gazebo_z,gazebo_wx,gazebo_wy,gazebo_wz,gazebo_vx,gazebo_vy,gazebo_vz,r,p,y,x,y,z,wx,wy,wz,vx,vy,vz
0,0.0,0.0,0.0,0.0,0.0,0.0,0.0,0.0,0.0,0.0,0.0,0.0,0.0,0.0,0.0,0.0,0.0,0.0,0.0,0.0,0.0,0.0,0.0,0.0,0.0,0.0
1,0.979,0.0,3.936931784552812e-06,-8.456816162835758e-09,-0.0003196666995643294,0.0,0.0,0.0,-0.020290412607166332,0.016925691192969456,0.000959269501672127,0.0,0.0,0.0,3.936931784552812e-06,-8.456816162835758e-09,-0.0003196666995643294,-0.00029527688608717653,0.013261058328512168,0.056651802774747476,-0.020290412607166332,0.016925691192969456,0.000959269501672127,-0.0016157293669602723,0.00011796892774586373,-0.0013449739200980034
