,time,gait,r,p,y,x,y,z,wx,wy,wz,vx,vy,vz
0,1620216430.3272138,0.0,0.0,0.0,0.0,0.0,0.0,0.0,0.0,0.0,0.0,0.0,0.0,0.0
1,1620216430.3687215,0.0,0.022763218730688095,-0.03304259479045868,0.004921751096844673,0.0,0.0,0.0,-0.0019316442776471376,-0.006677508354187012,0.0010714430827647448,0.0,0.0,0.0
