,time,gait,gazebo_r,gazebo_p,gazebo_y,gazebo_x,gazebo_y,gazebo_z,gazebo_wx,gazebo_wy,gazebo_wz,gazebo_vx,gazebo_vy,gazebo_vz,r,p,y,x,y,z,wx,wy,wz,vx,vy,vz
0,0.0,0.0,0.0,0.0,0.0,0.0,0.0,0.0,0.0,0.0,0.0,0.0,0.0,0.0,0.0,0.0,0.0,0.0,0.0,0.0,0.0,0.0,0.0,0.0,0.0,0.0
1,0.83,0.0,0.0006774317673210527,-1.1230338619812345e-05,-0.00034455944713697575,-0.000296267555103672,0.013249854584460478,0.05676310581146991,-0.25645975840428414,-0.011290128729376533,0.0029198202597062813,-0.0012117343002128707,0.020351173939654583,-0.0415606832204564,0.0006774317673210527,-1.1230338619812345e-05,-0.00034455944713697575,0.0,0.0,0.0,-0.25645975840428414,-0.011290128729376533,0.0029198202597062813,0.0,0.0,0.0
