,time,gait,gazebo_r,gazebo_p,gazebo_y,gazebo_x,gazebo_y,gazebo_z,gazebo_wx,gazebo_wy,gazebo_wz,gazebo_vx,gazebo_vy,gazebo_vz,r,p,y,x,y,z,wx,wy,wz,vx,vy,vz
0,0.0,0.0,0.0,0.0,0.0,0.0,0.0,0.0,0.0,0.0,0.0,0.0,0.0,0.0,0.0,0.0,0.0,0.0,0.0,0.0,0.0,0.0,0.0,0.0,0.0,0.0
1,14.979,0.0,0.00010939307866338778,-0.0009162848950430811,-0.0003199440123505336,0.0,0.0,0.0,0.0001041002414348742,-0.015017455604035673,-0.0005155822267981508,0.0,0.0,0.0,0.00010939307866338778,-0.0009162848950430811,-0.0003199440123505336,-0.00046015685383716794,0.012210198777598786,0.063221334930524,0.0001041002414348742,-0.015017455604035673,-0.0005155822267981508,-0.002447280614372587,-0.020712944854403042,0.10429362757168156
