,time,gait,gazebo_r,gazebo_p,gazebo_y,gazebo_x,gazebo_y,gazebo_z,gazebo_wx,gazebo_wy,gazebo_wz,gazebo_vx,gazebo_vy,gazebo_vz,r,p,y,x,y,z,wx,wy,wz,vx,vy,vz
0,0.0,0.0,0.0,0.0,0.0,0.0,0.0,0.0,0.0,0.0,0.0,0.0,0.0,0.0,0.0,0.0,0.0,0.0,0.0,0.0,0.0,0.0,0.0,0.0,0.0,0.0
1,0.904,0.0,-0.0070787783415304515,-1.5445638942184636e-07,-0.0003389800448469582,0.0,0.0,0.0,0.27072378450540313,0.0012232504595650945,-1.8407818994603037e-05,0.0,0.0,0.0,-0.0070787783415304515,-1.5445638942184636e-07,-0.0003389800448469582,-0.00029948746152215624,0.014070735194933329,0.057674527546729984,0.27072378450540313,0.0012232504595650945,-1.8407818994603037e-05,6.733297923674911e-05,-0.04078185037943202,-0.05804984709037346
