,time,gait,r,p,y,x,y,z,wx,wy,wz,vx,vy,vz
0,1620223223.9471014,0.0,0.0,0.0,0.0,0.0,0.0,0.0,0.0,0.0,0.0,0.0,0.0,0.0
1,1620223223.9881184,0.0,-0.06410787999629974,-0.07159526646137238,0.006903314031660557,0.0,0.0,0.0,-0.0006631269352510571,-0.009676443412899971,5.763093940913677e-05,0.0,0.0,0.0
