,time,gait,r,p,y,x,y,z,wx,wy,wz,vx,vy,vz
0,1620217198.8032463,0.0,0.0,0.0,0.0,0.0,0.0,0.0,0.0,0.0,0.0,0.0,0.0,0.0
1,1620217198.8342109,0.0,0.03260747715830803,-0.03425353765487671,-0.001331497449427843,0.0,0.0,0.0,0.0013897436438128352,-5.5826036259531975e-05,0.0021993452683091164,0.0,0.0,0.0
