,time,gait,gazebo_r,gazebo_p,gazebo_y,gazebo_x,gazebo_y,gazebo_z,gazebo_wx,gazebo_wy,gazebo_wz,gazebo_vx,gazebo_vy,gazebo_vz,r,p,y,x,y,z,wx,wy,wz,vx,vy,vz
0,0.0,0.0,0.0,0.0,0.0,0.0,0.0,0.0,0.0,0.0,0.0,0.0,0.0,0.0,0.0,0.0,0.0,0.0,0.0,0.0,0.0,0.0,0.0,0.0,0.0,0.0
1,2.342,0.0,-2.146545941809765e-05,-3.078916563410244e-05,-0.054847881232267894,-0.0014032537843721555,0.01929445930500775,0.05665447196421736,-0.021345733684524127,0.0173769967291955,-0.0004938032461834932,-0.0007086610580468315,-0.0013361585434965378,0.0041860510564095035,-2.146545941809765e-05,-3.078916563410244e-05,-0.054847881232267894,0.0,0.0,0.0,-0.021345733684524127,0.0173769967291955,-0.0004938032461834932,0.0,0.0,0.0
