,time,gait,r,p,y,x,y,z,wx,wy,wz,vx,vy,vz
0,1620219555.625058,0.0,0.0,0.0,0.0,0.0,0.0,0.0,0.0,0.0,0.0,0.0,0.0,0.0
1,1620219555.6754143,0.0,0.014599839225411415,-0.0460815466940403,0.0066228266805410385,0.0,0.0,0.0,0.0035014175809919834,0.005128604359924793,0.008563448674976826,0.0,0.0,0.0
