,time,gait,r,p,y,x,y,z,wx,wy,wz,vx,vy,vz
0,1620223685.0746791,0.0,0.0,0.0,0.0,0.0,0.0,0.0,0.0,0.0,0.0,0.0,0.0,0.0
1,1620223685.1187744,0.0,-0.0034972503781318665,-0.07106170058250427,0.005159272812306881,0.0,0.0,0.0,-0.004000813700258732,-0.0007142685353755951,-0.0010594050399959087,0.0,0.0,0.0
