,time,gait,r,p,y,x,y,z,wx,wy,wz,vx,vy,vz
0,1620217415.145121,0.0,0.0,0.0,0.0,0.0,0.0,0.0,0.0,0.0,0.0,0.0,0.0,0.0
1,1620217415.1971033,0.0,0.022241642698645592,-0.0336550809442997,0.007808128371834755,0.0,0.0,0.0,-0.004110429435968399,-0.0044626095332205296,-0.009415339678525925,0.0,0.0,0.0
