,time,gait,r,p,y,x,y,z,wx,wy,wz,vx,vy,vz
0,1620217581.738547,0.0,0.0,0.0,0.0,0.0,0.0,0.0,0.0,0.0,0.0,0.0,0.0,0.0
1,1620217581.7863197,0.0,0.0227651409804821,-0.03579407557845116,0.006807388737797737,0.0,0.0,0.0,-0.009338002651929855,0.0010701606515794992,-0.00299658952280879,0.0,0.0,0.0
