,time,gait,r,p,y,x,y,z,wx,wy,wz,vx,vy,vz
0,1620222218.35601,0.0,0.0,0.0,0.0,0.0,0.0,0.0,0.0,0.0,0.0,0.0,0.0,0.0
1,1620222218.4010637,0.0,0.02125181443989277,0.056285303086042404,0.004098489880561829,0.0,0.0,0.0,0.0005194224650040269,0.00780519237741828,-0.0028930455446243286,0.0,0.0,0.0
