,time,gait,r,p,y,x,y,z,wx,wy,wz,vx,vy,vz
0,1620216254.8131518,0.0,0.0,0.0,0.0,0.0,0.0,0.0,0.0,0.0,0.0,0.0,0.0,0.0
1,1620216254.8618002,0.0,0.03161595016717911,-0.04094100743532181,0.009835697710514069,0.0,0.0,0.0,0.006688156630843878,-0.0032166726887226105,0.003926457837224007,0.0,0.0,0.0
