,time,gait,r,p,y,x,y,z,wx,wy,wz,vx,vy,vz
0,1620220408.8194878,0.0,0.0,0.0,0.0,0.0,0.0,0.0,0.0,0.0,0.0,0.0,0.0,0.0
1,1620220408.864949,0.0,0.014681901782751083,-0.04461030289530754,0.005726723466068506,0.0,0.0,0.0,-0.0018578211311250925,-0.004474753048270941,-0.0031094003934413195,0.0,0.0,0.0
