,time,gait,gazebo_r,gazebo_p,gazebo_y,gazebo_x,gazebo_y,gazebo_z,gazebo_wx,gazebo_wy,gazebo_wz,gazebo_vx,gazebo_vy,gazebo_vz,r,p,y,x,y,z,wx,wy,wz,vx,vy,vz
0,0.0,0.0,0.0,0.0,0.0,0.0,0.0,0.0,0.0,0.0,0.0,0.0,0.0,0.0,0.0,0.0,0.0,0.0,0.0,0.0,0.0,0.0,0.0,0.0,0.0,0.0
1,8.574,0.0,0.000549439109509548,0.00017950700536501524,-0.00032487945386768414,0.0,0.0,0.0,-0.003298220690399647,0.0006329590238026939,0.0015759171413262801,0.0,0.0,0.0,0.000549439109509548,0.00017950700536501524,-0.00032487945386768414,-0.00034078399992474976,0.009411137117643227,0.08191523604552707,-0.003298220690399647,0.0006329590238026939,0.0015759171413262801,-0.000889258213320308,-0.07759078616269892,0.3669435670408046
