,time,gait,r,p,y,x,y,z,wx,wy,wz,vx,vy,vz
0,1620223440.1656206,0.0,0.0,0.0,0.0,0.0,0.0,0.0,0.0,0.0,0.0,0.0,0.0,0.0
1,1620223440.2195013,0.0,0.008540451526641846,-0.03922617807984352,0.007164928130805492,0.0,0.0,0.0,0.0024850487243384123,-0.003465415444225073,0.004557095002382994,0.0,0.0,0.0
