,time,gait,r,p,y,x,y,z,wx,wy,wz,vx,vy,vz
0,1620216664.503362,0.0,0.0,0.0,0.0,0.0,0.0,0.0,0.0,0.0,0.0,0.0,0.0,0.0
1,1620216664.5324423,0.0,0.021688178181648254,-0.03469225764274597,0.006231184117496014,0.0,0.0,0.0,0.00019728665938600898,0.0017672706162557006,0.0011519772233441472,0.0,0.0,0.0
